index,IndexBarcode1,IndexBarcode2
1,CTTGAACGGACTGTCCAC,CACCGAGCGTTAGACTAC
2,GAGCCTACTCAGTCAACG,GTGTCGAACACTTGACGG
3,AGCTTGTAAGGCAGGTTA,ACTGATCTTCAGCTGACT
4,TCAAGCGTCTTACATGGT,TGAATCTGAGGCACTGTA
5,CTGGTCCAAGAACGTCTG,CTCTGAACGATCGAGCTC
6,GATCCAGTTCTGTCGAGC,GAGGTGCATGCACCTTAG
7,ACCTATAGGTGCAACGAA,ACTAACTTCCATTGCACT
8,TGAAGGTCCACTGTATCT,TGACCTGGATGGATAGGA
9,CACTGCTTCGAGACGAAG,CTCCAGTTACTGAGACGG
10,GTGATACCTCGATGCTCC,GAGGTCCAGTCTCTGTCC
11,ACTCAGAGAACTCATGGA,ACTACAGGTGGATCCAAT
12,TGAGCTGAGTTCGTACTT,TGATGTACCAACGATGTA
